<?xml version="1.0" encoding="UTF-8"?>
<uptime xmlns:xsi="http://www.w3.org/2001/XMLSchema-instance" xsi:schemaLocation="http://www.uptimesoftware.com/erdc/erdc erdc" xmlns="http://www.uptimesoftware.com/erdc/erdc" xmlns:upt="http://www.uptimesoftware.com/erdc/erdc" version="4.0" target_grouping="other">
	<class>Check Scheduled Tasks</class>
	<exec>com.uptimesoftware.uptime.erdc.MonitorCustomScriptRunner</exec>
	<erdc_version>1.0</erdc_version>
	<category>Operating System Monitors</category>
	<category_related>Applications - All Types</category_related>
	<grid_info>
		<supported_versions>7.3,7.5,7.6</supported_versions>
		<supported_platforms>windows</supported_platforms>
		<upgrade_in_place>true</upgrade_in_place>
		<requires_agent_scripts>true</requires_agent_scripts>
	</grid_info>
	<elements>
		<element name="process_windows" parameter_type="input" data_type="string" gui_basic="1" range_type="0">
			<control_options> size:40 </control_options>
			<default_value>plugins/scripts/uptime-MonitorSchedTask/MonitorSchedTask.bat</default_value>
			<short_description>Script Name</short_description>
			<long_description>Name of the script/binary/process to be executed by up.time </long_description>
			<validation_rule><alphanumeric/></validation_rule>
			<error_message><alphanumeric>required field</alphanumeric></error_message>
			<gui_type><string/></gui_type>
		</element>
		<element name='password' parameter_type='input' data_type='string'
		gui_basic='1' range_type='0' units=''>
			<control_options>size:8</control_options>
			<default_value></default_value>
			<short_description>up.time Agent Password</short_description>
			<long_description>Password setup on the agent system</long_description>
			<validation_rule/>
			<error_message/>
			<gui_type>
				<password/>
			</gui_type>
		</element>
		<element name='TaskName' parameter_type='input' data_type='string' gui_basic='1' range_type='0' units=''>
			<control_options>size:8</control_options>
			<default_value>\</default_value>
			<validation_rule/><error_message/>
			<short_description>Task Name</short_description>
			<long_description>Name of Scheduled Task </long_description>
			<gui_type><string/></gui_type>
		</element>
		
		<element name='TaskStatus' parameter_type='output' data_type='string'
		gui_basic='1' range_type='0' units=''>
			<control_options>size:8</control_options>
			<default_value></default_value>
			<short_description>Task Status</short_description>
			<long_description>Current Status of the Scheduled Task</long_description>
			<validation_rule/>
			<error_message/>
			<gui_type>
				<string/>
			</gui_type>
		</element>		
		<element name='TaskLastRunTime' parameter_type='output' data_type='string'
		gui_basic='1' range_type='0' units=''>
			<control_options>size:8</control_options>
			<default_value></default_value>
			<short_description>Task Last Run time</short_description>
			<long_description>Task Last Run Time</long_description>
			<validation_rule/>
			<error_message/>
			<gui_type>
				<string/>
			</gui_type>
		</element>
		<element name='TaskLastResult' parameter_type='output' data_type='string'
		gui_basic='1' range_type='0' units=''>
			<control_options>size:8</control_options>
			<default_value></default_value>
			<short_description>Task Last Run Status</short_description>
			<long_description>Status of the Task's Last Run</long_description>
			<validation_rule/>
			<error_message/>
			<gui_type>
				<string/>
			</gui_type>
		</element>
	</elements>
	<help>Check the Status of a Scheduled Task on a Remote Agent System.</help>
</uptime>




